{"cameraMode":{"drawMode":0,"name":"Shaded","section":"Shading Mode"},"sceneLighting":false,"audioPlay":false,"sceneViewState":{"m_AlwaysRefresh":true,"showFog":true,"showSkybox":false,"showFlares":true,"showImageEffects":true,"showParticleSystems":true,"showVisualEffectGraphs":true,"m_FxEnabled":true},"in2DMode":false,"pivot":{"x":-0.8805581331253052,"y":0.8354776501655579,"z":-1.7808377742767335},"rotation":{"x":0.13132309913635255,"y":-0.8210381865501404,"z":0.20955537259578706,"w":0.5145159363746643},"size":2.979560613632202,"orthographic":false}